epoch,train_loss,train_acc,test_loss,test_acc
1,4.24161810874939,0.0,3.8378720760345457,0.0
2,8.077552127838135,0.1,25.727646255493163,0.0
