epoch,train_loss,train_acc,test_loss,test_acc
1,3.971446990966797,0.0,3.68117094039917,0.1
2,3.979126453399658,0.0,3.72550745010376,0.1
