epoch,train_loss,train_acc,test_loss,test_acc
1,3.8978912830352783,0.0,3.6654571056365968,0.0
2,3.4181336164474487,0.25,3.694382572174072,0.0
